City_ID,City,Lat,Lng,Max Temp,Humidity,Cloudiness,Wind Speed,Country,Date
0,port-aux-francais,-49.35,70.2167,275.06,73,12,20.05,TF,1717627703
1,adamstown,-25.066,-130.1015,295.29,75,6,4.23,PN,1717627703
2,edinburgh of the seven seas,-37.0676,-12.3116,288.22,75,99,6.24,SH,1717627703
3,arno,60.1167,18.6333,285.81,78,65,2.99,SE,1717627703
4,tayshet,55.9342,98.0044,279.79,65,17,1.66,RU,1717627703
5,petropavlovsk-kamchatsky,53.0452,158.6483,283.48,67,0,3.0,RU,1717627703
6,keffi,8.8486,7.8736,299.15,78,91,2.49,NG,1717627703
7,whitehorse,60.7161,-135.0538,287.65,41,75,8.75,CA,1717627703
8,zouerate,22.7187,-12.4521,300.31,20,0,4.53,MR,1717627703
9,utrik,11.2278,169.8474,301.09,82,31,7.8,MH,1717627703
10,gamba,-2.65,10.0,295.89,90,84,2.93,GA,1717627704
11,iqaluit,63.7506,-68.5145,274.0,93,100,1.54,CA,1717627704
12,anadyr,64.75,177.4833,277.43,64,40,7.0,RU,1717627704
13,pariaman,-0.619,100.12,299.18,86,98,1.55,ID,1717627704
14,camana,-16.6228,-72.7111,290.72,85,5,1.93,PE,1717627666
15,brookings,44.3114,-96.7984,297.34,50,40,8.29,US,1717627683
16,kristiansund,63.1115,7.732,280.51,86,98,1.03,NO,1717627643
17,codrington,-38.2667,141.9667,283.91,91,14,2.74,AU,1717627469
18,minas de marcona,-15.2119,-75.1103,288.02,71,0,3.81,PE,1717627704
19,maceio,-9.6658,-35.7353,298.84,88,40,2.06,BR,1717627445
20,saint-philippe,-21.3585,55.7679,292.92,82,46,4.73,RE,1717627704
21,pyay,18.8167,95.2167,300.07,87,100,1.15,MM,1717627705
22,benjamin constant,-4.3831,-70.0311,304.22,66,0,1.54,BR,1717627705
23,tiksi,71.6872,128.8694,279.54,72,43,0.79,RU,1717627705
24,lebu,-37.6167,-73.65,286.38,98,100,5.39,CL,1717627705
25,fort bragg,35.139,-79.006,304.37,55,40,3.6,US,1717627705
26,college,64.8569,-147.8028,291.12,73,75,3.09,US,1717627539
27,enewetak,11.3474,162.3373,300.89,82,95,9.12,MH,1717627705
28,longyearbyen,78.2186,15.6401,275.06,75,40,1.03,SJ,1717627705
29,dudinka,69.4058,86.1778,271.27,99,91,0.83,RU,1717627705
30,blackmans bay,-43.0167,147.3167,281.22,93,22,0.45,AU,1717627705
31,taoudenni,22.6783,-3.9836,307.9,12,7,3.4,ML,1717627705
32,alindao,5.0267,21.2088,296.9,72,96,1.14,CF,1717627706
33,tazovsky,67.4667,78.7,272.82,97,100,2.35,RU,1717627706
34,carauari,-4.8828,-66.8958,300.18,73,99,0.93,BR,1717627706
35,barcelos,41.5388,-8.6151,291.4,94,100,1.25,PT,1717627706
36,necochea,-38.5473,-58.7368,284.4,76,51,3.99,AR,1717627706
37,puerto baquerizo moreno,-0.9,-89.6,297.7,78,75,5.14,EC,1717627706
38,puerto lempira,15.2667,-83.7667,303.23,70,20,2.57,HN,1717627706
39,bredasdorp,-34.5322,20.0403,286.98,82,96,5.43,ZA,1717627706
40,nar'yan-mar,67.6713,53.087,278.21,86,97,4.47,RU,1717627706
41,merizo village,13.2658,144.6691,303.14,86,100,7.64,GU,1717627706
42,kingston,17.997,-76.7936,302.68,79,20,3.6,JM,1717627242
43,waitangi,-43.9535,-176.5597,282.49,90,94,4.92,NZ,1717627707
44,queenstown,-31.8976,26.8753,281.14,52,0,3.33,ZA,1717627707
45,brisas de zicatela,15.8369,-97.0419,305.44,66,40,3.6,MX,1717627707
46,wailua homesteads,22.0669,-159.378,301.39,78,75,6.17,US,1717627707
47,mizdah,31.4451,12.9801,295.08,50,0,3.57,LY,1717627707
48,invercargill,-46.4,168.35,283.16,95,100,1.43,NZ,1717627707
49,afaahiti,-17.75,-149.2833,303.08,83,100,7.45,PF,1717627707
50,saipan,15.1355,145.701,304.54,66,40,6.17,MP,1717627707
51,garachico,28.7781,-17.7646,292.21,83,75,0.51,ES,1717627707
52,skowhegan,44.7651,-69.7192,298.46,73,59,3.99,US,1717627594
53,antofagasta,-23.65,-70.4,288.75,90,30,3.3,CL,1717627513
54,hermanus,-34.4187,19.2345,288.04,89,100,6.76,ZA,1717627708
55,khandyga,62.6667,135.6,284.81,43,91,1.74,RU,1717627708
56,mandla,22.6,80.3833,303.02,55,92,4.72,IN,1717627708
57,hammerfest,70.6634,23.6821,289.4,41,100,4.63,NO,1717627708
58,kerikeri,-35.2268,173.9474,291.99,79,35,4.02,NZ,1717627708
59,puerto natales,-51.7236,-72.4875,273.68,99,100,1.79,CL,1717627501
60,celestun,20.8667,-90.4,303.23,70,48,7.32,MX,1717627708
61,ilulissat,69.2167,-51.1,276.16,75,75,2.06,GL,1717627708
62,portland,45.5234,-122.6762,297.75,40,0,4.63,US,1717627206
63,port macquarie,-31.4333,152.9167,286.42,87,43,2.95,AU,1717627709
64,margaret river,-33.95,115.0667,292.5,83,4,8.78,AU,1717627709
65,barra de santo antonio,-9.4047,-35.5072,298.75,83,53,3.8,BR,1717627709
66,zheshart,62.0731,49.5733,287.25,97,82,2.52,RU,1717627709
67,moissala,8.3404,17.7663,297.41,82,94,1.93,TD,1717627709
68,srandakan,-7.9386,110.2506,297.09,92,43,1.82,ID,1717627709
69,inhambane,-23.865,35.3833,292.07,29,0,3.44,MZ,1717627709
70,fale old settlement,-9.3852,-171.2468,301.74,69,30,1.25,TK,1717627709
71,ulsteinvik,62.3432,5.8487,284.12,72,31,1.79,NO,1717627710
72,chul'man,56.8479,124.9104,283.86,61,92,1.34,RU,1717627710
73,grytviken,-54.2811,-36.5092,271.66,91,100,2.04,GS,1717627710
74,yarmouth,41.7057,-70.2286,296.29,79,0,7.72,US,1717627710
75,yellowknife,62.456,-114.3525,289.44,44,75,4.63,CA,1717627710
76,winnemucca,40.973,-117.7357,307.18,16,0,3.86,US,1717627710
77,stanley,54.868,-1.6985,281.22,76,2,4.7,GB,1717627465
78,tura,25.5198,90.2201,296.53,98,76,1.3,IN,1717627710
79,papatowai,-46.5619,169.4708,283.44,75,100,2.51,NZ,1717627710
80,chibougamau,49.9168,-74.3659,301.94,32,0,4.63,CA,1717627551
81,sterling,39.0062,-77.4286,299.2,84,100,5.14,US,1717627621
82,vega de alatorre,20.0333,-96.6333,306.33,57,4,9.46,MX,1717627711
83,labuan,5.2767,115.2417,299.35,89,40,3.09,MY,1717627711
84,galliano,29.4422,-90.2992,303.15,70,0,4.63,US,1717627711
85,sinop,41.7711,34.8709,292.61,66,82,1.59,TR,1717627444
86,lebanon,36.2081,-86.2911,304.18,66,0,6.69,US,1717627692
87,olonkinbyen,70.9221,-8.7187,273.89,94,62,6.41,SJ,1717627711
88,tucuma,-0.1833,-50.05,298.61,90,53,2.88,BR,1717627711
89,klyuchi,52.2667,79.1667,289.97,63,77,6.38,RU,1717627711
90,hawaiian paradise park,19.5933,-154.9731,300.3,77,100,4.12,US,1717627711
91,atafu village,-8.5421,-172.5159,301.28,75,86,1.85,TK,1717627711
92,nantucket,41.2835,-70.0995,296.21,90,17,7.66,US,1717627712
93,albany,42.6001,-73.9662,301.51,59,100,0.45,US,1717627568
94,karratha,-20.7377,116.8463,290.55,49,0,5.53,AU,1717627712
95,callao,-12.0667,-77.15,294.66,72,75,3.6,PE,1717627579
96,revda,56.801,59.9303,286.87,97,4,2.1,RU,1717627712
97,uturoa,-16.7333,-151.4333,300.19,82,71,5.84,PF,1717627712
98,bethel,41.3712,-73.414,298.35,76,75,3.09,US,1717627496
99,nizhnesortymskiy,62.4397,71.7603,278.63,87,72,4.5,RU,1717627712
100,thompson,55.7435,-97.8558,283.24,93,100,5.14,CA,1717627712
101,altay,47.8667,88.1167,284.1,59,6,2.25,CN,1717627647
102,udachny,66.4167,112.4,285.07,80,100,10.24,RU,1717627712
103,kotabumi,-4.8333,104.9,296.4,95,10,0.38,ID,1717627713
104,aruja,-23.3961,-46.3208,291.72,82,0,2.57,BR,1717627713
105,kailua-kona,19.6406,-155.9956,302.92,73,0,4.63,US,1717627713
106,ushuaia,-54.8,-68.3,273.96,69,75,3.6,AR,1717627713
107,chonchi,-42.6128,-73.8092,285.44,95,99,1.57,CL,1717627713
108,kodiak,57.79,-152.4072,281.88,93,100,4.12,US,1717627713
109,brasilia de minas,-16.2064,-44.4333,293.07,68,5,2.94,BR,1717627713
110,island harbour,50.724,-1.2758,285.49,70,78,0.45,GB,1717627713
111,sao joao da barra,-21.6403,-41.0511,294.2,76,2,4.07,BR,1717627713
112,upington,-28.4478,21.2561,280.36,39,0,2.57,ZA,1717627714
113,bilibino,68.0546,166.4372,279.93,49,64,3.43,RU,1717627714
114,puerto ayora,-0.7393,-90.3518,300.13,93,80,2.24,EC,1717627714
115,el calafate,-50.3408,-72.2768,273.59,97,100,1.08,AR,1717627690
116,kavaratti,10.5669,72.642,301.76,82,100,5.13,IN,1717627623
117,port-saint-louis-du-rhone,43.3833,4.8,293.28,83,75,3.09,FR,1717627714
118,port lincoln,-34.7333,135.8667,286.57,76,9,1.44,AU,1717627714
119,akhaltsikhe,41.639,42.9826,289.34,91,31,0.59,GE,1717627714
120,lata,40.1629,-8.3327,285.54,98,90,1.22,PT,1717627416
121,keflavik,64.0049,-22.5624,281.1,65,0,7.72,IS,1717627715
122,vallenar,-28.5708,-70.7581,291.54,50,100,0.78,CL,1717627578
123,ribeira grande,38.5167,-28.7,292.37,72,40,6.69,PT,1717627715
124,swan hill,-35.3378,143.5544,282.05,83,5,3.51,AU,1717627715
125,touros,-5.1989,-35.4608,298.01,92,6,4.89,BR,1717627553
126,howrah,22.5892,88.3103,303.15,89,40,3.6,IN,1717627715
127,dauphin,51.1494,-100.0502,288.23,58,75,9.26,CA,1717627715
128,dunedin,-45.8742,170.5036,285.26,67,100,0.9,NZ,1717627574
129,raduzhny,62.0961,77.475,279.08,81,15,3.6,RU,1717627715
130,villa gesell,-37.2639,-56.973,284.29,93,31,3.88,AR,1717627715
131,buka,40.8108,69.1986,294.91,41,92,0.81,UZ,1717627716
132,kununurra,-15.7667,128.7333,291.14,52,0,3.09,AU,1717627716
133,lihue,21.9789,-159.3672,301.73,72,75,6.17,US,1717627716
134,ola,59.5833,151.2833,284.9,79,60,2.48,RU,1717627716
135,iskateley,67.6803,53.1512,278.16,86,98,4.47,RU,1717627716
136,yonan-up,37.9089,126.1611,293.11,59,100,0.4,KP,1717627716
137,lazaro cardenas,17.9583,-102.2,301.63,64,1,6.02,MX,1717627652
138,kirakira,-10.4544,161.9205,301.42,75,100,5.25,SB,1717627463
139,la ronge,55.1001,-105.2842,282.27,87,100,6.17,CA,1717627716
140,rongelap,11.1635,166.8941,301.05,82,19,7.59,MH,1717627717
141,mount isa,-20.7333,139.5,284.02,66,0,6.17,AU,1717627717
142,talnakh,69.4865,88.3972,271.04,97,96,1.76,RU,1717627717
143,kenai,60.5544,-151.2583,284.83,99,100,3.6,US,1717627717
144,ust-tsilma,65.441,52.1498,281.82,86,19,2.68,RU,1717627717
145,peniche,39.3558,-9.3811,290.53,83,100,6.63,PT,1717627717
146,port alfred,-33.5906,26.891,289.43,53,2,4.5,ZA,1717627717
147,moussoro,13.6408,16.4901,305.97,30,1,2.74,TD,1717627717
148,ugoofaaru,5.6667,73.0,301.53,80,68,5.34,MV,1717627717
149,isafjordur,66.0755,-23.124,275.47,80,69,5.18,IS,1717627717
150,rapla,59.0072,24.7928,286.99,94,42,0.29,EE,1717627718
151,manturovo,58.3353,44.7619,289.7,98,70,1.74,RU,1717627718
152,mpika,-11.8343,31.4529,287.41,53,0,1.85,ZM,1717627718
153,alofi,-19.0595,-169.9187,299.09,61,0,4.12,NU,1717627718
154,rauma,61.1272,21.5113,287.17,92,98,3.02,FI,1717627718
155,la passe,45.5549,-0.8967,289.28,82,85,2.63,FR,1717627718
156,mizan teferi,6.9833,35.5833,290.33,98,99,0.77,ET,1717627718
157,mar del plata,-38.0023,-57.5575,286.53,93,0,3.13,AR,1717627459
158,urangan,-25.3,152.9,289.93,90,18,2.68,AU,1717627718
159,nemuro,43.3236,145.575,280.13,81,68,3.99,JP,1717627437
160,ancud,-41.8697,-73.8203,284.09,97,95,3.3,CL,1717627569
161,castillos,-34.1667,-53.8333,285.95,96,84,2.03,UY,1717627719
162,akalgarh,29.8167,75.8833,303.85,36,75,2.18,IN,1717627719
163,wanlaweyn,2.6185,44.8938,297.72,93,61,4.75,SO,1717627719
164,liwale,-9.7667,37.9333,292.16,93,71,0.76,TZ,1717627719
165,silsbee,30.3491,-94.178,303.62,81,100,2.72,US,1717627719
166,midvagur,62.0511,-7.1939,276.61,87,75,6.17,FO,1717627476
167,vanino,49.0869,140.2543,286.54,62,50,2.08,RU,1717627719
168,geneina,13.45,22.45,302.08,32,73,2.81,SD,1717627719
169,fortaleza,-3.7227,-38.5247,301.6,83,40,4.63,BR,1717627466
170,daru,-9.0763,143.2092,299.34,88,52,5.22,PG,1717627720
171,arkhangel'sk,64.5401,40.5433,283.21,100,75,4.0,RU,1717627720
172,port mathurin,-19.6833,63.4167,296.47,75,35,10.92,MU,1717627720
173,nguigmi,14.2495,13.1092,304.5,28,3,2.1,NE,1717627720
174,nizhneangarsk,55.7833,109.55,280.37,93,100,1.79,RU,1717627720
175,georgetown,5.4112,100.3354,301.45,83,20,1.03,MY,1717627552
176,beloyarskiy,63.7119,66.6722,278.71,85,95,3.13,RU,1717627720
177,porto novo,6.4965,2.6036,301.05,83,84,2.98,BJ,1717627720
178,st. john's,47.5649,-52.7093,283.46,98,100,2.06,CA,1717627720
179,west island,-12.1568,96.8225,301.14,83,40,3.6,CC,1717627720
180,nyurba,63.2842,118.3319,287.03,52,100,5.45,RU,1717627720
181,vorgashor,67.5833,63.95,271.93,88,95,2.97,RU,1717627721
182,broken hill,-31.95,141.4333,280.76,76,1,6.39,AU,1717627721
183,fuglafjordur,62.244,-6.814,276.41,82,100,11.62,FO,1717627721
184,acapulco de juarez,16.8634,-99.8901,304.05,66,40,5.14,MX,1717627721
185,kapuskasing,49.4169,-82.4331,302.15,39,100,14.4,CA,1717627721
186,sinabang,2.4803,96.3801,299.8,85,97,1.68,ID,1717627721
187,jayapura,-2.5333,140.7,298.81,93,100,1.88,ID,1717627721
188,fort-shevchenko,44.5086,50.263,298.81,40,18,3.97,KZ,1717627721
189,misratah,32.3754,15.0925,294.79,86,0,10.24,LY,1717627721
190,qujing,25.4833,103.7833,288.95,92,100,1.51,CN,1717627722
191,jamestown,42.097,-79.2353,296.49,89,100,5.14,US,1717627430
192,badger,64.8,-147.5333,291.08,71,75,3.09,US,1717627722
193,hilton head island,32.2163,-80.7526,300.93,65,12,0.89,US,1717627370
194,avarua,-21.2078,-159.775,299.18,61,98,3.6,CK,1717627722
195,emerald,-23.5333,148.1667,287.23,64,0,2.86,AU,1717627472
196,sao vicente,-23.9631,-46.3919,295.52,26,50,1.47,BR,1717627722
197,susuman,62.7833,148.1667,284.81,43,0,1.34,RU,1717627722
198,angaur state,6.906,134.13,301.44,75,100,3.7,PW,1717627722
199,sinazongwe,-17.2614,27.4618,292.58,37,0,1.2,ZM,1717627723
200,imperatriz,-5.5264,-47.4917,301.51,61,100,1.25,BR,1717627427
201,mugia,43.1041,-9.2179,288.66,93,99,1.59,ES,1717627678
202,holualoa,19.6228,-155.9522,300.85,73,0,4.63,US,1717627723
203,hirara,24.8,125.2833,298.07,83,94,3.6,JP,1717627723
204,sisimiut,66.9395,-53.6735,275.47,95,100,0.97,GL,1717627723
205,grand falls-windsor,48.9332,-55.6649,287.32,86,99,0.89,CA,1717627510
206,geraldton,-28.7667,114.6,287.38,72,20,8.23,AU,1717627723
207,chita,52.0333,113.55,286.09,67,75,3.0,RU,1717627475
208,las praderas,-3.3348,-79.7984,297.97,88,85,1.77,EC,1717627723
209,al muwayh,22.4333,41.7583,303.89,14,4,2.03,SA,1717627723
210,hithadhoo,-0.6,73.0833,301.15,69,39,1.12,MV,1717627724
211,giardini-naxos,37.8275,15.2671,296.34,77,97,3.31,IT,1717627724
212,hamilton,39.1834,-84.5333,300.7,75,40,6.69,US,1717627550
213,qaqortoq,60.7167,-46.0333,277.43,94,77,1.66,GL,1717627724
214,freetown,8.484,-13.2299,299.99,83,75,1.54,SL,1717627724
215,malango,-2.9627,119.9001,293.54,100,100,0.72,ID,1717627724
216,val-d'or,48.1002,-77.7828,302.2,34,75,6.17,CA,1717627565
217,auxerre,47.8,3.5667,287.39,93,21,0.3,FR,1717627724
218,salmon arm,50.6998,-119.3024,296.72,48,89,2.57,CA,1717627564
219,ta`u,-14.2336,-169.5144,299.69,79,68,6.7,AS,1717627725
220,homnabad,17.7667,77.1333,296.96,84,100,4.39,IN,1717627725
221,belmonte,-15.8631,-38.8828,296.39,89,49,2.85,BR,1717627725
222,tomatlan,19.9333,-105.25,303.45,47,1,5.08,MX,1717627725
223,ar ruways,24.1103,52.7306,304.83,27,0,2.42,AE,1717627725
224,santa marta,11.2408,-74.199,304.18,70,40,2.57,CO,1717627582
225,ploudalmezeau,48.5333,-4.65,286.08,81,75,2.06,FR,1717627725
226,guarda,40.5373,-7.2658,285.5,94,100,1.3,PT,1717627725
227,broome,42.2506,-75.833,297.58,77,100,3.58,US,1717627725
228,landing,47.9108,12.2815,290.1,88,100,2.04,DE,1717627706
229,monki,53.405,22.7979,289.08,79,98,3.02,PL,1717627725
230,birao,10.2849,22.7882,299.96,58,34,1.6,CF,1717627726
231,livingston,55.9029,-3.5226,280.86,80,0,3.6,GB,1717627726
232,san patricio,28.017,-97.5169,305.2,63,4,6.9,US,1717627649
233,yokadouma,3.5167,15.05,293.93,98,100,0.9,CM,1717627726
234,nouadhibou,20.931,-17.0347,293.14,77,27,7.2,MR,1717627726
235,yokosuka,35.2836,139.6672,295.45,80,77,1.96,JP,1717627726
236,kansk,56.2017,95.7175,279.99,73,14,2.85,RU,1717627726
237,brezina,33.0989,1.2608,299.25,36,100,4.23,DZ,1717627726
238,anloga,5.7947,0.8973,300.46,83,100,5.88,GH,1717627726
239,kenora,49.8167,-94.4337,290.69,63,75,6.17,CA,1717627726
240,kuta,-8.7233,115.1723,299.12,94,40,4.12,ID,1717627727
241,pervomayskiy,53.2485,40.2871,289.8,93,79,2.85,RU,1717627727
242,solikamsk,59.6196,56.7729,287.97,95,100,1.43,RU,1717627727
243,fort st. john,56.2499,-120.8529,290.09,25,40,12.86,CA,1717627505
244,gazli,40.1333,63.45,299.06,10,0,3.81,UZ,1717627727
245,kabo,7.6994,18.629,297.13,77,90,1.89,CF,1717627727
246,jimma,7.6667,36.8333,289.03,96,94,1.11,ET,1717627727
247,namsos,64.4662,11.4957,280.1,93,100,0.0,NO,1717627727
248,la'ie,21.6477,-157.9253,303.18,74,26,4.02,US,1717627727
249,dosso,13.049,3.1937,302.72,46,100,4.65,NE,1717627728
250,brisas barra de suchiate,14.55,-92.2167,303.21,70,100,2.73,MX,1717627728
251,sitka,57.0531,-135.33,283.09,76,100,5.14,US,1717627728
252,east london,-33.0153,27.9116,290.55,45,0,4.33,ZA,1717627507
253,as sulayyil,20.4607,45.5779,303.9,12,0,1.54,SA,1717627728
254,coquimbo,-29.9533,-71.3436,286.0,100,75,1.54,CL,1717627455
255,demyansk,57.643,32.466,289.35,77,67,1.1,RU,1717627728
256,madimba,-10.4,40.3333,295.74,89,9,1.93,TZ,1717627728
257,nsanje,-16.92,35.262,293.64,58,1,0.35,MW,1717627728
258,susanville,40.4163,-120.653,306.85,26,49,0.89,US,1717627632
259,palmer,42.1584,-72.3287,299.93,61,40,5.66,US,1717627729
260,talcahuano,-36.7167,-73.1167,285.97,100,100,9.77,CL,1717627729
261,nuku'alofa,-21.1333,-175.2,298.34,65,20,4.63,TO,1717627530
262,labasa,-16.4167,179.3833,300.22,63,9,3.33,FJ,1717627729
263,carnarvon,-24.8667,113.6333,292.77,74,0,3.45,AU,1717627461
264,cacapava do sul,-30.5122,-53.4914,287.1,97,85,1.0,BR,1717627729
265,miyako,39.6367,141.9525,289.93,65,11,1.52,JP,1717627533
266,aasiaat,68.7098,-52.8699,273.73,92,95,1.41,GL,1717627460
267,richards bay,-28.783,32.0377,289.36,59,0,2.19,ZA,1717627729
268,port arthur,38.8,121.2667,293.27,80,41,4.2,CN,1717627730
269,bubaque,11.2833,-15.8333,300.03,81,97,6.53,GW,1717627730
270,luanda,-8.8368,13.2343,296.15,83,20,1.54,AO,1717627547
271,troitskoye,52.9821,84.6757,283.81,89,97,3.71,RU,1717627730
272,vozhega,60.4725,40.2213,288.48,98,100,2.34,RU,1717627730
273,derzhavinsk,51.1,66.3167,289.92,86,100,6.72,KZ,1717627730
274,vila franca do campo,37.7167,-25.4333,291.42,99,75,3.58,PT,1717627730
275,gizo,-8.103,156.8419,301.73,74,85,1.38,SB,1717627730
276,mount gambier,-37.8333,140.7667,282.7,94,8,1.36,AU,1717627730
277,gutao,37.2025,112.1781,290.98,58,100,0.43,CN,1717627731
278,kapa'a,22.0752,-159.319,302.14,78,75,6.17,US,1717627731
279,bandon,51.7469,-8.7425,282.92,89,82,2.68,IE,1717627731
280,dunda,-8.1167,34.25,288.14,75,9,1.64,TZ,1717627731
281,santa maria,-29.6842,-53.8069,289.76,88,0,2.06,BR,1717627731
282,drayton valley,53.2168,-114.9854,289.7,44,86,5.99,CA,1717627731
283,padang,-0.9492,100.3543,299.18,87,96,1.72,ID,1717627731
284,kiknur,57.3034,47.2011,288.06,97,16,2.69,RU,1717627731
285,mao,39.8885,4.2658,292.46,100,0,2.06,ES,1717627731
286,port elizabeth,-33.918,25.5701,287.31,96,0,2.06,ZA,1717627598
287,lincoln,40.8,-96.667,305.38,39,0,7.2,US,1717627573
288,al bayda',32.7627,21.7551,301.53,19,62,9.73,LY,1717627732
289,papao,-17.75,-149.55,303.97,78,99,8.12,PF,1717627732
290,markaz-e hukumat-e darweshan,31.1323,64.1934,299.97,17,31,4.42,AF,1717627732
291,alta,69.9689,23.2717,288.74,44,72,5.66,NO,1717627570
292,choibalsan,48.0667,114.5,288.08,81,13,8.06,MN,1717627732
293,hadibu,12.65,54.0333,301.49,77,87,5.99,YE,1717627732
294,svalyava,48.5485,22.9958,287.2,95,5,1.6,UA,1717627732
295,kudahuvadhoo,2.6708,72.8944,301.07,75,100,2.05,MV,1717627732
296,tralee,52.2704,-9.7026,281.33,81,82,3.34,IE,1717627733
297,tahe,52.3333,124.7333,291.62,65,2,1.86,CN,1717627733
298,tarko-sale,64.9225,77.785,273.72,87,33,4.81,RU,1717627733
299,okola,4.0167,11.3833,296.4,98,86,0.92,CM,1717627733
300,princeville,45.7668,-61.2985,285.18,95,100,4.12,CA,1717627449
301,wuzhen,30.7454,120.4851,294.26,94,100,4.17,CN,1717627733
302,luderitz,-26.6481,15.1594,286.41,86,83,5.01,NA,1717627733
303,ma'rib,15.4591,45.3253,300.47,12,100,2.18,YE,1717627733
304,barpeta,26.3167,91.0,298.35,89,16,1.93,IN,1717627733
305,ust-nera,64.5667,143.2,289.04,35,88,1.31,RU,1717627733
306,gaigeturi,33.4644,126.3183,293.18,77,75,4.63,KR,1717627734
307,marondera,-18.1853,31.5519,285.66,55,0,2.35,ZW,1717627734
308,kaohsiung,22.6163,120.3133,301.12,81,75,2.57,TW,1717627734
309,marsa alam,25.0757,34.8918,304.89,30,0,5.11,EG,1717627715
310,bol,13.4586,14.7147,302.55,61,2,1.25,TD,1717627734
311,abepura,-2.6333,140.5833,298.6,94,40,1.03,ID,1717627734
312,mooirivier,-29.2082,29.9946,278.42,53,0,0.87,ZA,1717627734
313,alto araguaia,-17.3147,-53.2153,292.82,48,3,1.51,BR,1717627734
314,nabire,-3.3667,135.4833,299.9,81,98,1.37,ID,1717627734
315,cadale,2.7603,46.3222,299.63,89,34,7.25,SO,1717627735
316,namibe,-15.1961,12.1522,289.62,80,23,3.73,AO,1717627735
317,harar,9.3094,42.1258,290.38,70,69,3.77,ET,1717627735
318,khurda,20.1833,85.6167,302.1,95,8,3.34,IN,1717627735
319,laojunmiao,39.8333,97.7333,286.48,26,97,3.22,CN,1717627735
320,saudarkrokur,65.7461,-19.6394,275.07,100,100,9.43,IS,1717627735
321,prado,-17.3411,-39.2208,295.87,85,0,2.81,BR,1717627735
322,valle de la pascua,9.2155,-66.0073,300.22,79,35,0.44,VE,1717627735
323,colonia,50.9333,6.95,285.27,81,0,1.03,DE,1717627735
324,afif,23.9065,42.9172,303.46,11,3,3.89,SA,1717627735
325,aykhal,66.0,111.5,284.0,89,100,5.85,RU,1717627736
326,vilyuysk,63.7553,121.6247,285.37,43,87,5.36,RU,1717627736
327,narasannapeta,18.4167,84.05,301.2,72,96,3.47,IN,1717627736
328,boundiali,9.5217,-6.4869,296.69,90,100,6.04,CI,1717627736
329,newman,37.3138,-121.0208,312.34,13,1,3.21,US,1717627548
330,kirovskaya,46.9748,40.0402,298.11,51,95,3.58,RU,1717627736
331,argo,37.6333,22.7333,297.87,44,3,1.61,GR,1717627728
332,boende,-0.2167,20.8667,295.46,95,64,1.27,CD,1717627622
333,vryheid,-27.7695,30.7917,283.28,25,0,2.42,ZA,1717627736
334,fortuna,40.5982,-124.1573,291.44,81,20,6.17,US,1717627737
335,sullivan,36.5168,-82.5332,300.61,77,100,3.6,US,1717627737
336,tsengel,49.4783,100.8894,281.72,71,10,1.92,MN,1717627737
337,yuzhno-kurilsk,44.0306,145.8556,278.36,92,58,7.29,RU,1717627737
338,hailey,43.5196,-114.3153,297.77,28,0,6.79,US,1717627737
339,basco,20.4487,121.9702,301.53,74,99,4.48,PH,1717627737
340,bazar-korgon,41.0376,72.7459,289.22,54,29,2.93,KG,1717627737
341,ampanihy,-24.7,44.75,292.24,77,0,0.71,MG,1717627737
342,istgah-e rah ahan-e garmsar,35.2346,52.3094,298.96,29,83,3.18,IR,1717627629
343,santa cruz,-17.8,-63.1667,299.18,65,0,5.14,BO,1717627315
344,blairgowrie,56.5916,-3.3405,279.41,79,7,0.89,GB,1717627738
345,abbeville,50.1,1.8333,285.13,88,56,2.62,FR,1717627738
346,warah,27.4481,67.7978,307.44,46,0,3.81,PK,1717627738
347,nelspruit,-25.4745,30.9703,291.31,27,0,2.57,ZA,1717627738
348,benghazi,32.1167,20.0667,298.67,63,61,1.05,LY,1717627738
349,punta arenas,-53.15,-70.9167,276.21,81,100,5.66,CL,1717627738
350,tweed heads,-28.1817,153.547,292.04,76,32,2.57,AU,1717627738
351,itanhandu,-22.2958,-44.9347,287.18,87,30,1.3,BR,1717627738
352,kruisfontein,-34.0033,24.7314,285.81,87,1,2.32,ZA,1717627738
353,flin flon,54.7682,-101.865,283.06,81,100,6.17,CA,1717627705
354,springs,-26.25,28.4,281.72,27,0,2.44,ZA,1717627739
355,rafsanjan,30.4067,55.9939,298.75,19,0,0.42,IR,1717627739
356,nueva villa de padilla,24.0167,-98.7833,315.02,27,2,9.48,MX,1717627511
357,rovaniemi,66.5,25.7167,290.82,59,0,4.63,FI,1717627739
358,lagos,6.5833,3.75,301.33,88,87,2.91,NG,1717627726
359,carbonear,47.7332,-53.2148,283.71,96,100,2.75,CA,1717627739
360,kayangel,8.0823,134.7173,301.2,76,98,0.66,PW,1717627739
361,san luis de la loma,17.2706,-100.8939,302.42,61,1,5.33,MX,1717627739
362,sitangkai,4.6628,119.3928,301.9,74,100,1.81,PH,1717627739
363,aromashevo,56.8602,68.6375,288.31,97,91,3.6,RU,1717627739
364,sake,-1.5736,29.045,290.23,93,41,0.37,CD,1717627739
365,qui nhon,13.7667,109.2333,301.45,73,100,1.88,VN,1717627740
366,borogontsy,62.6683,131.1683,282.87,41,99,1.85,RU,1717627740
367,dharmabad,18.9,77.85,299.84,75,100,3.97,IN,1717627740
368,isla mujeres,21.2311,-86.731,304.91,72,16,5.2,MX,1717627621
369,kuopio,62.8924,27.677,293.12,68,0,1.54,FI,1717627740
370,nahrin,36.0649,69.1334,292.66,43,62,1.6,AF,1717627740
371,nyandoma,61.669,40.1991,287.76,98,69,2.32,RU,1717627740
372,port douglas,-16.4833,145.4667,295.74,66,87,2.29,AU,1717627740
373,sawakin,19.1059,37.3321,303.41,50,53,0.61,SD,1717627740
374,ormara,25.2088,64.6357,301.38,88,32,5.55,PK,1717627740
375,samalut,28.3121,30.7101,303.18,27,0,6.7,EG,1717627741
376,kamaishi,39.2667,141.8833,289.62,67,0,0.92,JP,1717627741
377,dalbandin,28.8947,64.4101,302.55,12,60,2.05,PK,1717627741
378,nova sintra,14.8667,-24.7167,297.79,79,2,5.18,CV,1717627741
379,zaragoza,41.6561,-0.8773,299.53,51,0,4.63,ES,1717627741
380,ruston,32.5232,-92.6379,301.81,69,90,0.0,US,1717627469
381,westport,41.1415,-73.3579,298.32,75,75,4.63,US,1717627627
382,fisterra,42.9049,-9.2629,288.57,92,98,1.14,ES,1717627741
383,quepos,9.4236,-84.1652,299.6,86,84,1.04,CR,1717627741
384,acarau,-2.8856,-40.12,298.71,90,0,4.69,BR,1717627729
385,rampachodavaram,17.45,81.7667,298.25,80,100,1.51,IN,1717627742
386,karasu,41.071,30.7854,293.32,82,16,0.8,TR,1717627742
387,meadow lakes,61.6247,-149.6011,285.35,87,75,2.57,US,1717627742
388,grande prairie,55.1667,-118.8027,290.25,25,40,12.35,CA,1717627568
389,arraial do cabo,-22.9661,-42.0278,292.13,94,20,1.54,BR,1717627742
390,bamboo flat,11.7,92.7167,299.13,90,100,4.12,IN,1717627742
391,nikolayevsk-on-amure,53.1406,140.73,277.16,98,100,1.34,RU,1717627742
392,adrar,20.5022,-10.0711,303.8,19,0,3.79,MR,1717627743
393,realico,-35.0366,-64.2447,284.59,70,100,3.66,AR,1717627690
394,muscat,23.6139,58.5922,312.16,44,0,2.82,OM,1717627743
395,praia da vitoria,38.7333,-27.0667,291.29,82,40,7.36,PT,1717627743
396,mabaruma,8.2,-59.7833,298.83,87,37,1.31,GY,1717627743
397,alice springs,-23.7,133.8833,279.9,100,75,2.06,AU,1717627743
398,as safirah,36.077,37.3725,304.16,16,0,3.65,SY,1717627743
399,martapura,-3.4167,114.85,298.2,94,20,2.06,ID,1717627743
400,kourou,5.1552,-52.6478,300.18,90,85,2.47,GF,1717627743
401,campos dos goytacazes,-21.75,-41.3,294.18,94,75,2.06,BR,1717627743
402,bushehr,28.9684,50.8385,300.2,74,0,2.06,IR,1717627744
403,beidaihehaibin,39.8222,119.5181,291.52,82,11,2.89,CN,1717627744
404,vadso,70.0744,29.7487,281.64,93,20,6.69,NO,1717627744
405,laguna,38.421,-121.4238,313.9,26,0,3.6,US,1717627744
406,vilyuchinsk,52.9306,158.4028,284.3,60,100,1.97,RU,1717627744
407,bayganin,48.6947,55.8742,292.5,80,74,2.89,KZ,1717627744
408,walvis bay,-22.9575,14.5053,285.42,87,0,2.78,NA,1717627744
409,tokombere,11.2271,13.4858,302.59,53,96,3.41,NG,1717627744
410,ordynskoye,54.3656,81.8994,286.33,88,100,7.18,RU,1717627744
411,weno,7.4515,151.8468,302.12,84,100,3.6,FM,1717627744
412,luwuk,-0.9516,122.7875,296.73,89,100,2.36,ID,1717627745
413,cill airne,52.05,-9.5167,279.3,92,72,1.92,IE,1717627745
414,hasaki,35.7333,140.8333,294.42,66,33,1.68,JP,1717627745
415,malvan,16.0667,73.4667,302.18,78,93,0.57,IN,1717627745
416,akureyri,65.6835,-18.0878,275.11,93,100,11.32,IS,1717627745
417,sansanne-mango,10.3592,0.4708,302.01,60,94,2.44,TG,1717627745
418,khovd,48.0056,91.6419,286.06,42,16,1.82,MN,1717627745
419,prince albert,53.2001,-105.7677,284.12,82,100,9.77,CA,1717627745
420,golhisar,37.1459,29.5088,294.33,44,0,0.87,TR,1717627745
421,vodnyy,63.5046,53.4095,286.16,91,100,2.52,RU,1717627745
422,quatre cocos,-20.2078,57.7625,294.21,69,27,7.46,MU,1717627746
423,warrnambool,-38.3833,142.4833,285.49,86,15,3.34,AU,1717627746
424,ta'if,21.2703,40.4158,301.98,12,0,3.68,SA,1717627746
425,xinzhi,36.4989,111.7047,292.77,51,86,1.67,CN,1717627746
426,sanming,26.2486,117.6186,291.7,99,100,0.64,CN,1717627746
427,juybar,36.6412,52.9124,294.24,61,0,1.4,IR,1717627746
428,turpan,42.9333,89.1667,298.6,15,86,1.94,CN,1717627746
429,la concordia,13.1953,-86.1667,302.88,66,69,1.95,NI,1717627747
430,filiatra,37.15,21.5833,298.54,55,16,1.36,GR,1717627747
431,san antonio de pale,-1.4014,5.6325,297.98,85,100,6.59,GQ,1717627747
432,filey,54.21,-0.2892,283.59,84,94,5.63,GB,1717627747
433,faya-largeau,17.9257,19.1043,309.18,10,0,4.39,TD,1717627747
434,cabedelo,-6.9811,-34.8339,298.52,86,17,5.71,BR,1717627451
435,hobyo,5.3505,48.5268,299.86,86,90,9.48,SO,1717627747
436,pacho,5.1328,-74.1598,295.91,93,78,1.4,CO,1717627716
437,salekhard,66.53,66.6019,274.48,90,100,3.13,RU,1717627747
438,tofol,5.3248,163.0078,301.68,74,90,4.26,FM,1717627748
439,perbaungan,3.5679,98.956,299.21,95,77,2.04,ID,1717627748
440,ghanzi,-21.5667,21.7833,286.97,21,0,4.39,BW,1717627748
441,seosan,36.7817,126.4522,292.93,61,99,0.5,KR,1717627748
442,riosucio,5.4216,-75.7032,291.53,97,81,0.62,CO,1717627748
443,komatipoort,-25.4332,31.9548,285.4,25,0,2.23,ZA,1717627748
444,kalabo,-14.97,22.6814,290.17,24,0,0.87,ZM,1717627748
445,rupert,42.6191,-113.6772,299.12,34,0,7.72,US,1717627748
446,constantia,44.1833,28.65,295.76,79,100,4.86,RO,1717627460
447,paranhos,-23.8928,-55.4311,293.83,54,0,2.6,BR,1717627749
448,lys'va,58.1086,57.8053,287.07,97,26,1.7,RU,1717627749
449,mount barker,-35.0667,138.8667,284.51,90,91,1.04,AU,1717627749
450,amantea,39.1332,16.0746,295.18,72,40,1.92,IT,1717627749
451,aioun,16.6614,-9.6149,309.82,17,3,3.62,MR,1717627749
452,gongzhuling,43.5008,124.8198,292.88,54,100,8.23,CN,1717627749
453,aureilhan,43.2434,0.0958,292.54,77,0,2.06,FR,1717627749
454,tuburan,6.6439,122.2736,299.2,85,100,2.65,PH,1717627749
455,mahibadhoo,3.7833,72.9667,301.34,73,47,2.37,MV,1717627749
456,juegang,32.3174,121.1855,291.08,82,100,2.57,CN,1717627749
457,casablanca,33.5928,-7.6192,293.89,77,93,4.02,MA,1717627700
458,domna,51.8971,113.1573,287.24,67,75,3.0,RU,1717627750
459,colac,-38.3333,143.5833,285.28,85,96,2.13,AU,1717627574
460,bijie,27.3125,105.2942,288.11,96,61,1.75,CN,1717627750
461,huarmey,-10.0681,-78.1522,292.25,80,37,3.4,PE,1717627598
462,tolanaro,-25.0319,46.9987,295.19,78,20,9.77,MG,1717627750
463,baihe,22.15,107.2333,295.95,96,100,0.83,CN,1717627750
464,envira,-7.3,-70.2167,299.83,64,54,0.39,BR,1717627750
465,churapcha,62.0025,132.4325,282.94,51,97,1.93,RU,1717627750
466,panguma,8.1833,-11.1333,295.64,99,61,0.2,SL,1717627751
467,cidreira,-30.1811,-50.2056,289.0,89,61,2.76,BR,1717627644
468,cooma,-36.2333,149.1333,281.39,96,100,3.75,AU,1717627751
469,nagqu,31.5,92.0,276.62,83,77,1.68,CN,1717627751
470,bria,6.5423,21.9863,293.71,84,58,1.07,CF,1717627751
471,krasnogorskoye,52.2953,86.1979,283.76,92,100,2.21,RU,1717627751
472,souillac,-20.5167,57.5167,294.36,94,75,6.17,MU,1717627751
473,joal-fadiout,14.1667,-16.8333,297.14,77,72,6.43,SN,1717627751
474,belaya kholunitsa,58.84,50.8528,286.79,97,8,1.3,RU,1717627751
475,muli,2.9167,73.5667,301.26,73,96,3.29,MV,1717627752
476,ludus,46.4833,24.1,290.94,89,73,1.07,RO,1717627752
477,lincoln city,44.9582,-124.0179,295.4,78,0,8.05,US,1717627752
478,pionerskoye,56.2817,44.4025,290.03,96,4,2.56,RU,1717627752
479,kitgum,3.2783,32.8867,293.74,84,77,1.58,UG,1717627752
480,tromso,69.6496,18.957,288.16,55,0,1.03,NO,1717627752
481,genhe,50.7833,121.5167,292.46,60,2,1.47,CN,1717627752
482,fatehgarh,27.3667,79.6333,308.7,26,94,4.16,IN,1717627752
483,santana,-0.0583,-51.1817,302.25,79,20,3.09,BR,1717627744
484,rebola,3.7167,8.8333,296.77,100,40,1.03,GQ,1717627752
485,murakami,38.2333,139.4833,292.09,66,10,0.42,JP,1717627753
486,fonte boa,-2.4959,-66.2662,297.6,98,70,1.45,BR,1717627753
487,petoskey,45.3733,-84.9553,293.98,90,100,2.57,US,1717627657
488,shimoda,34.6667,138.95,295.99,71,79,1.3,JP,1717627753
489,lompoc,34.6391,-120.4579,296.56,68,0,4.12,US,1717627753
490,ilhabela,-23.7781,-45.3581,293.4,88,65,3.53,BR,1717627753
491,crane,31.3974,-102.3501,311.02,18,36,3.85,US,1717627753
492,cabo san lucas,22.8909,-109.9124,305.16,51,0,3.6,MX,1717627753
493,braslaw,55.644,27.0455,288.62,93,100,2.67,BY,1717627753
494,flying fish cove,-10.4217,105.6791,298.97,94,100,6.17,CX,1717627753
495,sal rei,16.1833,-22.9167,295.52,83,10,6.72,CV,1717627753
496,soba,10.9813,8.0575,296.72,79,66,2.64,NG,1717627754
497,ambad,19.6167,75.8,299.03,71,99,2.42,IN,1717627754
498,sao felix do xingu,-6.6447,-51.995,299.15,60,100,1.51,BR,1717627486
499,ceyrat,45.7318,3.0633,285.5,77,0,1.03,FR,1717627754
500,montagu,-40.7667,144.9667,283.72,84,0,1.61,AU,1717627754
501,riyadh,24.6877,46.7219,306.23,11,0,3.43,SA,1717627625
502,progreso,21.2833,-89.6667,302.02,84,11,8.36,MX,1717627754
503,san rafael,-34.6177,-68.3301,286.89,42,96,3.0,AR,1717627625
504,chos malal,-37.3781,-70.2709,282.11,89,100,4.28,AR,1717627755
505,desvres,50.6688,1.8348,284.57,88,53,1.14,FR,1717627755
506,olinda,-8.0089,-34.8553,301.0,74,75,5.14,BR,1717627523
507,wanning,18.8003,110.3967,300.17,89,100,1.52,CN,1717627755
508,gargalianoi,37.0667,21.6333,297.24,49,23,0.07,GR,1717627755
509,suzun,53.7841,82.3116,285.65,85,100,5.64,RU,1717627755
510,shasta lake,40.6804,-122.3708,311.9,22,23,1.35,US,1717627755
511,bairnsdale,-37.8333,147.6167,284.85,97,96,1.57,AU,1717627755
512,sorong,-0.8833,131.25,298.77,90,100,4.05,ID,1717627755
513,katsuura,35.1333,140.3,293.81,69,84,2.32,JP,1717627513
514,pamandzi,-12.7967,45.2794,297.03,88,0,1.54,YT,1717627755
515,new norfolk,-42.7826,147.0587,281.87,89,29,0.93,AU,1717627756
516,tadine,-21.55,167.8833,297.04,68,18,3.5,NC,1717627756
517,skerries,53.5828,-6.1083,283.71,76,100,6.9,IE,1717627756
518,new plymouth,-39.0667,174.0833,288.04,100,70,2.04,NZ,1717627655
519,ajdabiya,30.7554,20.2263,298.84,61,92,4.62,LY,1717627756
520,buala,-8.145,159.5921,301.95,73,92,2.4,SB,1717627756
521,az zulfi,26.2995,44.8154,306.48,10,5,4.19,SA,1717627756
522,den burg,53.0542,4.7972,285.14,78,5,2.57,NL,1717627756
523,jose maria morelos,23.3952,-103.8984,302.73,12,49,0.65,MX,1717627757
524,obo,5.3998,26.4869,294.4,88,98,0.6,CF,1717627757
525,yangambi,0.8102,24.4336,295.08,90,58,0.8,CD,1717627757
526,happy valley-goose bay,53.3168,-60.3315,295.32,49,75,4.12,CA,1717627510
527,al qusayr,34.5091,36.5798,301.02,22,0,1.05,SY,1717627757
528,tokar,18.4254,37.729,302.33,48,35,0.84,SD,1717627757
529,la sarre,48.8002,-79.1996,297.88,64,100,4.07,CA,1717627757
530,dadukou,26.5479,101.7054,296.18,79,97,0.09,CN,1717627757
531,taltal,-25.4,-70.4833,289.65,83,86,1.8,CL,1717627757
532,vaasa,63.096,21.6158,288.16,72,0,5.66,FI,1717627757
533,polyarnyy,69.1989,33.4478,279.52,81,4,1.71,RU,1717627758
534,neuendettelsau,49.2833,10.7833,287.62,88,20,3.6,DE,1717627758
535,banjar,-8.19,114.9675,297.23,90,3,1.91,ID,1717627758
536,ranot,7.7777,100.3213,300.46,77,97,4.31,TH,1717627758
537,toliara,-23.35,43.6667,294.71,82,0,2.74,MG,1717627758
538,cooper's town,26.8667,-77.5167,300.14,79,0,6.51,BS,1717627758
539,mamuju,-2.6748,118.8885,298.9,86,89,1.58,ID,1717627758
540,katsuren-haebaru,26.3369,127.8719,296.36,86,40,2.06,JP,1717627758
541,port-gentil,-0.7193,8.7815,298.39,84,47,7.1,GA,1717627758
542,mostaganem,35.9311,0.0892,298.26,44,2,0.97,DZ,1717627759
543,orzysz,53.8097,21.9481,287.29,85,90,1.08,PL,1717627759
544,butte,39.6499,-121.5677,312.2,22,0,2.57,US,1717627759
545,juan rodriguez clara,17.9833,-95.4083,314.57,18,100,6.77,MX,1717627570
546,carutapera,-1.195,-46.02,297.38,94,4,2.42,BR,1717627759
547,rawson,-43.3002,-65.1023,287.99,55,100,2.9,AR,1717627584
548,takoradi,4.8845,-1.7554,299.77,84,92,5.24,GH,1717627759
549,kangding,30.0513,101.9603,287.98,94,94,1.04,CN,1717627759
550,puerto san jose,13.9256,-90.8244,304.18,74,75,2.06,GT,1717627760
551,santa rosalia,27.3167,-112.2833,304.0,32,18,1.16,MX,1717627760
552,zambezi,-13.5432,23.1047,287.87,31,0,1.07,ZM,1717627760
553,greenville,35.6127,-77.3663,303.24,67,0,4.12,US,1717627551
554,libreville,0.3925,9.4537,300.16,83,40,4.12,GA,1717627760
555,hami,42.8,93.45,294.06,22,35,7.9,CN,1717627760
556,rio grande,-32.035,-52.0986,288.21,94,70,3.61,BR,1717627671
557,mora,11.0461,14.1401,307.11,32,98,2.82,CM,1717627760
558,impfondo,1.6381,18.0667,295.63,96,96,1.36,CG,1717627760
559,harstad,68.799,16.5293,292.81,56,52,2.71,NO,1717627761
560,nevel',56.0209,29.9284,288.6,94,98,1.26,RU,1717627761
561,birobidzhan,48.8,132.95,288.05,59,100,1.48,RU,1717627761
562,uige,-7.6087,15.0613,290.26,87,97,1.34,AO,1717627761
563,sarikamis,40.3381,42.5731,283.92,68,1,2.19,TR,1717627761
